<application>
  <component name="FileTypeManager" version="18">
    <ignoreFiles list="*.iml;*.pyc;*.pyo;*.rbc;*.yarb;*~;.DS_Store;.git;.hg;.mvn;.svn;CVS;HELP.md;README.md;__pycache__;_svn;mvnw;mvnw.cmd;vssver.scc;vssver2.scc" />
    <extensionMap>
      <mapping pattern="Absolute Path" type="AUTO_DETECTED" />
      <mapping pattern="MyBaseMapper.xml" type="AUTO_DETECTED" />
      <mapping pattern="06-对象.html" type="AUTO_DETECTED" />
      <mapping ext="mongo" type="JSON" />
      <mapping ext="question" type="PLAIN_TEXT" />
      <mapping ext="factories" type="PLAIN_TEXT" />
      <mapping ext="ini" type="PLAIN_TEXT" />
      <removed_mapping ext="apk" approved="true" type="ARCHIVE" />
      <removed_mapping ext="psd" approved="true" type="Image" />
    </extensionMap>
  </component>
</application>