<application>
  <component name="AppStorage">
    <option name="newTranslationDialogHeight" value="369" />
    <option name="newTranslationDialogWidth" value="801" />
    <option name="newTranslationDialogX" value="343" />
    <option name="newTranslationDialogY" value="197" />
    <histories>
      <item value="is Singleton Currently In Creation" />
      <item value="on Suppressed Exception" />
      <item value="parallelism" />
      <item value="unlimited" />
      <item value="File Visit Option" />
      <item value="Before start of result set" />
      <item value="key Extractor" />
      <item value="Invocation" />
      <item value="truncaed" />
      <item value="Abstract Queued Synchronizer" />
      <item value="Target" />
      <item value="Retention" />
      <item value="Deprecated" />
      <item value="Archetype" />
      <item value="volatile" />
      <item value="Zone Offset" />
      <item value="nano Of Second" />
      <item value="of Epoch Second" />
      <item value="scale" />
      <item value="mod" />
      <item value="pow" />
      <item value="get Upper" />
      <item value="subtract" />
      <item value="Bubble Sort" />
      <item value="boxed" />
      <item value="minimum Operations" />
      <item value="security measure" />
      <item value="register Shutdown Hook" />
      <item value="register Application Context" />
      <item value="bootstrap Context" />
      <item value="print Banner" />
      <item value="headless" />
      <item value="vendor" />
      <item value="create Bootstrap Context" />
      <item value="nano Time" />
      <item value="Bootstrap Registry Initializer" />
      <item value="Database Initializer Detectors" />
      <item value="Failure Analyzers" />
      <item value="Processors" />
      <item value="Event Publishing Run Listener" />
      <item value="primary Source" />
      <item value="hints" />
      <item value="Aware" />
      <item value="get Candidate Configurations" />
      <item value="Assert" />
      <item value="Deferred Import Selector" />
      <item value="select Imports" />
      <item value="Conditional On Class" />
      <item value="post Process Bean Definition Registry" />
      <item value="class Values As String" />
    </histories>
    <option name="languageScores">
      <map>
        <entry key="CHINESE" value="662" />
        <entry key="ENGLISH" value="663" />
        <entry key="ESTONIAN" value="1" />
        <entry key="POLISH" value="1" />
        <entry key="DANISH" value="6" />
        <entry key="GERMAN" value="1" />
        <entry key="FRENCH" value="4" />
        <entry key="FILIPINO" value="1" />
        <entry key="KURDISH" value="3" />
        <entry key="LATIN" value="1" />
        <entry key="ROMANIAN" value="2" />
        <entry key="ZULU" value="1" />
        <entry key="SWEDISH" value="1" />
        <entry key="ESPERANTO" value="1" />
        <entry key="INDONESIAN" value="1" />
      </map>
    </option>
  </component>
  <component name="Cache">
    <option name="lastTrimTime" value="1663848679549" />
  </component>
  <component name="Settings">
    <option name="translateDocumentation" value="true" />
  </component>
  <component name="Translation.Cache">
    <option name="lastTrimTime" value="1688787085772" />
  </component>
  <component name="Translation.Settings">
    <option name="baiduTranslateSettings">
      <app-key>
        <option name="appId" value="20221122001465660" />
      </app-key>
    </option>
    <option name="primaryLanguage" value="CHINESE" />
    <option name="translator" value="BAIDU" />
  </component>
  <component name="Translation.States">
    <histories>
      <item value="props" />
      <item value="Servlet Component Scan" />
      <item value="Redis Config" />
      <item value="WRONGPASS invalid username-password pair or user is disabled." />
      <item value="offset" />
      <item value="safari" />
      <item value="exclusions" />
      <item value="renderer" />
      <item value="operate" />
      <item value="运营商" />
      <item value="discard long time none received connection. , jdbcUrl :" />
      <item value="Diamond" />
      <item value="Resolved [org.springframework.http.converter.HttpMessageNotReadableException: JSON parse error: Unexpected character ('p' (code 112)): was expecting double-quote to start field name; nested exception is com.fasterxml.jackson.core.JsonParseException: Unexpected character ('p' (code 112)): was expecting double-quote to start field name at [Source: (PushbackInputStream); line: 1, column: 3]]" />
      <item value="order By Asc" />
      <item value="Asc" />
      <item value="Category" />
      <item value="Data truncation: Truncated incorrect DOUBLE value" />
      <item value="No primary or single public constructor found for interface" />
      <item value="copies" />
      <item value="Base Context" />
      <item value="slice" />
      <item value="Field 'create_user' doesn't have a default value] with root cause" />
      <item value="NOTLOGIN" />
      <item value="Ant Path Matcher" />
      <item value="md 5 Digest As Hex" />
      <item value="validate" />
      <item value="ASSIGN ID" />
      <item value="Chat Completion" />
      <item value="prompt Tokens" />
      <item value="Grants" />
      <item value="api Endpoint" />
      <item value="nested exception is java.net.ConnectException: Connection timed out: connect" />
      <item value="prompt" />
      <item value="extract Generated Text" />
      <item value="Bearer" />
      <item value="springframework" />
      <item value="version" />
      <item value="Cannot resolve Failure to transfer cn.hutool:hutool-all:pom:5.7.13 from http:maven.aliyun.comnexuscontentgroupspublic was cached in the local repository, resolution will not be reattempted until the update interval of alimaven has elapsed or updates are forced." />
      <item value="theonefx" />
      <item value="Headers Extractor" />
      <item value="handle Pending List" />
      <item value="Complex Head User" />
      <item value="stale element reference: element is not attached to the page document" />
      <item value="clear Element" />
      <item value="interactable" />
      <item value="Illegal Monitor State Exception" />
      <item value="strict File Interactability" />
      <item value="填充" />
      <item value="Deprecated chrome option is ignored: useAutomationExtension" />
      <item value="set Capability" />
    </histories>
    <option name="languageScores">
      <map>
        <entry key="AZERBAIJANI" value="1" />
        <entry key="CATALAN" value="1" />
        <entry key="CHINESE" value="311" />
        <entry key="CZECH" value="3" />
        <entry key="ENGLISH" value="312" />
        <entry key="FRENCH" value="1" />
        <entry key="FRISIAN" value="1" />
        <entry key="GALICIAN" value="1" />
        <entry key="MALAY" value="2" />
        <entry key="NORWEGIAN" value="1" />
        <entry key="SPANISH" value="1" />
        <entry key="SWEDISH" value="1" />
      </map>
    </option>
  </component>
</application>